current_path,proposed_path,problem_id,language,current_version,proposed_version,target_exists,conflict_type,safe_to_rename,note
B3367(2).cpp,B3367_v2.cpp,B3367,cpp,2,v2,no,special_chars_in_name,yes,
B3609_3.cpp,B3609_v3.cpp,B3609,cpp,3,v3,no,main_version_missing,yes,主版本 B3609.cpp 不存在
B3666(2).cpp,B3666_v2.cpp,B3666,cpp,2,v2,no,special_chars_in_name,yes,
B3883(2).c,B3883_v2.c,B3883,c,2,v2,no,main_version_missing,yes,主版本 B3883.c 不存在
B3929(2).c,B3929_v2.c,B3929,c,2,v2,no,special_chars_in_name,yes,
P1002(2).c,P1002_v2.c,P1002,c,2,v2,no,special_chars_in_name,yes,
P1002(3).c,P1002_v3.c,P1002,c,3,v3,no,special_chars_in_name,yes,
P1004(2).c,P1004_v2.c,P1004,c,2,v2,no,special_chars_in_name,yes,
P1004(3).c,P1004_v3.c,P1004,c,3,v3,no,special_chars_in_name,yes,
P1006(2).c,P1006_v2.c,P1006,c,2,v2,no,special_chars_in_name,yes,
P1016(2).cpp,P1016_v2.cpp,P1016,cpp,2,v2,no,special_chars_in_name,yes,
P1020(2).c,P1020_v2.c,P1020,c,2,v2,no,special_chars_in_name,yes,
P1063(3).c,P1063_v3.c,P1063,c,3,v3,no,main_version_missing,yes,主版本 P1063.c 不存在
P1090(2).c,P1090_v2.c,P1090,c,2,v2,no,special_chars_in_name,yes,
P1102(2).cpp,P1102_v2.cpp,P1102,cpp,2,v2,no,special_chars_in_name,yes,
P1103(2).c,P1103_v2.c,P1103,c,2,v2,no,special_chars_in_name,yes,
P1111(2).cpp,P1111_v2.cpp,P1111,cpp,2,v2,no,special_chars_in_name,yes,
P1118(2).cpp,P1118_v2.cpp,P1118,cpp,2,v2,no,special_chars_in_name,yes,
P1120(2).cpp,P1120_v2.cpp,P1120,cpp,2,v2,no,special_chars_in_name,yes,
P1130(2).c,P1130_v2.c,P1130,c,2,v2,no,special_chars_in_name,yes,
P1130(3).c,P1130_v3.c,P1130,c,3,v3,no,special_chars_in_name,yes,
P1133(2).c,P1133_v2.c,P1133,c,2,v2,no,special_chars_in_name,yes,
P1190(2).c,P1190_v2.c,P1190,c,2,v2,no,special_chars_in_name,yes,
P1203(2).c,P1203_v2.c,P1203,c,2,v2,no,special_chars_in_name,yes,
P1203(3).c,P1203_v3.c,P1203,c,3,v3,no,special_chars_in_name,yes,
P1209(2).c,P1209_v2.c,P1209,c,2,v2,no,special_chars_in_name,yes,
P1230(2).c,P1230_v2.c,P1230,c,2,v2,no,special_chars_in_name,yes,
P1276(2).cpp,P1276_v2.cpp,P1276,cpp,2,v2,no,special_chars_in_name,yes,
P1277_2.cpp,P1277_v2.cpp,P1277,cpp,2,v2,no,,yes,
P1281(2).c,P1281_v2.c,P1281,c,2,v2,no,special_chars_in_name,yes,
P1284(2).c,P1284_v2.c,P1284,c,2,v2,no,special_chars_in_name,yes,
P1288(2).c,P1288_v2.c,P1288,c,2,v2,no,special_chars_in_name,yes,
P1305(2).cpp,P1305_v2.cpp,P1305,cpp,2,v2,no,special_chars_in_name,yes,
P1330(2).cpp,P1330_v2.cpp,P1330,cpp,2,v2,no,special_chars_in_name,yes,
P1338(2).cpp,P1338_v2.cpp,P1338,cpp,2,v2,no,special_chars_in_name,yes,
P1342(2).cpp,P1342_v2.cpp,P1342,cpp,2,v2,no,special_chars_in_name,yes,
P1347(2).cpp,P1347_v2.cpp,P1347,cpp,2,v2,no,special_chars_in_name,yes,
P1359(2).c,P1359_v2.c,P1359,c,2,v2,no,special_chars_in_name,yes,
P1383(2).cpp,P1383_v2.cpp,P1383,cpp,2,v2,no,special_chars_in_name,yes,
P1396(2).cpp,P1396_v2.cpp,P1396,cpp,2,v2,no,special_chars_in_name,yes,
P1417(2).c,P1417_v2.c,P1417,c,2,v2,no,special_chars_in_name,yes,
P1429(2).cpp,P1429_v2.cpp,P1429,cpp,2,v2,no,special_chars_in_name,yes,
P1433(2).cpp,P1433_v2.cpp,P1433,cpp,2,v2,no,special_chars_in_name,yes,
P1434(2).c,P1434_v2.c,P1434,c,2,v2,no,special_chars_in_name,yes,
P1435(2).c,P1435_v2.c,P1435,c,2,v2,no,special_chars_in_name,yes,
P1439(2).c,P1439_v2.c,P1439,c,2,v2,no,special_chars_in_name,yes,
P1453_2.cpp,P1453_v2.cpp,P1453,cpp,2,v2,no,,yes,
P1460(2).c,P1460_v2.c,P1460,c,2,v2,no,special_chars_in_name,yes,
P1460(3).c,P1460_v3.c,P1460,c,3,v3,no,special_chars_in_name,yes,
P1489(2).c,P1489_v2.c,P1489,c,2,v2,no,special_chars_in_name,yes,
P1489(3).c,P1489_v3.c,P1489,c,3,v3,no,special_chars_in_name,yes,
P1500_2.cpp,P1500_v2.cpp,P1500,cpp,2,v2,no,,yes,
P1510(2).c,P1510_v2.c,P1510,c,2,v2,no,special_chars_in_name,yes,
P1535(2).cpp,P1535_v2.cpp,P1535,cpp,2,v2,no,special_chars_in_name,yes,
P1535(3).cpp,P1535_v3.cpp,P1535,cpp,3,v3,no,special_chars_in_name,yes,
P1537(2).c,P1537_v2.c,P1537,c,2,v2,no,special_chars_in_name,yes,
P1537(3).c,P1537_v3.c,P1537,c,3,v3,no,special_chars_in_name,yes,
P1562(2).cpp,P1562_v2.cpp,P1562,cpp,2,v2,no,special_chars_in_name,yes,
P1566(2).c,P1566_v2.c,P1566,c,2,v2,no,special_chars_in_name,yes,
P1571(2).c,P1571_v2.c,P1571,c,2,v2,no,special_chars_in_name,yes,
P1577(2).c,P1577_v2.c,P1577,c,2,v2,no,special_chars_in_name,yes,
P1600(2).cpp,P1600_v2.cpp,P1600,cpp,2,v2,no,special_chars_in_name,yes,
P1600(3).cpp,P1600_v3.cpp,P1600,cpp,3,v3,no,special_chars_in_name,yes,
P1608(2).cpp,P1608_v2.cpp,P1608,cpp,2,v2,no,special_chars_in_name,yes,
P1616(2).c,P1616_v2.c,P1616,c,2,v2,no,special_chars_in_name,yes,
P1650(2).c,P1650_v2.c,P1650,c,2,v2,no,special_chars_in_name,yes,
P1672(2).cpp,P1672_v2.cpp,P1672,cpp,2,v2,no,special_chars_in_name,yes,
P1679(2).c,P1679_v2.c,P1679,c,2,v2,no,special_chars_in_name,yes,
P1680(2).c,P1680_v2.c,P1680,c,2,v2,no,special_chars_in_name,yes,
P1683(2).cpp,P1683_v2.cpp,P1683,cpp,2,v2,no,main_version_missing,yes,主版本 P1683.cpp 不存在
P1685(2).cpp,P1685_v2.cpp,P1685,cpp,2,v2,no,special_chars_in_name,yes,
P1717(2).cpp,P1717_v2.cpp,P1717,cpp,2,v2,no,special_chars_in_name,yes,
P1725(2).cpp,P1725_v2.cpp,P1725,cpp,2,v2,no,special_chars_in_name,yes,
P1725(3).cpp,P1725_v3.cpp,P1725,cpp,3,v3,no,special_chars_in_name,yes,
P1730(2).cpp,P1730_v2.cpp,P1730,cpp,2,v2,no,special_chars_in_name,yes,
P1746(2).cpp,P1746_v2.cpp,P1746,cpp,2,v2,no,special_chars_in_name,yes,
P1767(2).cpp,P1767_v2.cpp,P1767,cpp,2,v2,no,special_chars_in_name,yes,
P1775(2).c,P1775_v2.c,P1775,c,2,v2,no,special_chars_in_name,yes,
P1778(2).cpp,P1778_v2.cpp,P1778,cpp,2,v2,no,special_chars_in_name,yes,
P1806(2).c,P1806_v2.c,P1806,c,2,v2,no,special_chars_in_name,yes,
P1806(3).c,P1806_v3.c,P1806,c,3,v3,no,special_chars_in_name,yes,
P1816(2).c,P1816_v2.c,P1816,c,2,v2,no,special_chars_in_name,yes,
P1816(3).c,P1816_v3.c,P1816,c,3,v3,no,special_chars_in_name,yes,
P1840(2).c,P1840_v2.c,P1840,c,2,v2,no,special_chars_in_name,yes,
P1840(2).cpp,P1840_v2.cpp,P1840,cpp,2,v2,no,special_chars_in_name,yes,
P1853(2).c,P1853_v2.c,P1853,c,2,v2,no,special_chars_in_name,yes,
P1877(2).c,P1877_v2.c,P1877,c,2,v2,no,special_chars_in_name,yes,
P1901(2).cpp,P1901_v2.cpp,P1901,cpp,2,v2,no,special_chars_in_name,yes,
P1903_2.cpp,P1903_v2.cpp,P1903,cpp,2,v2,no,main_version_missing,yes,主版本 P1903.cpp 不存在
P1910(2).c,P1910_v2.c,P1910,c,2,v2,no,special_chars_in_name,yes,
P1919(2).cpp,P1919_v2.cpp,P1919,cpp,2,v2,no,special_chars_in_name,yes,
P1929(2).c,P1929_v2.c,P1929,c,2,v2,no,special_chars_in_name,yes,
P1934(2).c,P1934_v2.c,P1934,c,2,v2,no,special_chars_in_name,yes,
P1944(2).c,P1944_v2.c,P1944,c,2,v2,no,special_chars_in_name,yes,
P1950(2).cpp,P1950_v2.cpp,P1950,cpp,2,v2,no,special_chars_in_name,yes,
P1955(2).cpp,P1955_v2.cpp,P1955,cpp,2,v2,no,special_chars_in_name,yes,
P1966(2).cpp,P1966_v2.cpp,P1966,cpp,2,v2,no,special_chars_in_name,yes,
P1968(2).c,P1968_v2.c,P1968,c,2,v2,no,special_chars_in_name,yes,
P1970(2).c,P1970_v2.c,P1970,c,2,v2,no,special_chars_in_name,yes,
P2023(2).cpp,P2023_v2.cpp,P2023,cpp,2,v2,no,special_chars_in_name,yes,
P2028(2).c,P2028_v2.c,P2028,c,2,v2,no,special_chars_in_name,yes,
P2045(2).cpp,P2045_v2.cpp,P2045,cpp,2,v2,no,special_chars_in_name,yes,
P2047(2).cpp,P2047_v2.cpp,P2047,cpp,2,v2,no,main_version_missing,yes,主版本 P2047.cpp 不存在
P2056(2).cpp,P2056_v2.cpp,P2056,cpp,2,v2,no,special_chars_in_name,yes,
P2056(3).cpp,P2056_v3.cpp,P2056,cpp,3,v3,no,special_chars_in_name,yes,
P2066(2).c,P2066_v2.c,P2066,c,2,v2,no,special_chars_in_name,yes,
P2084(2).c,P2084_v2.c,P2084,c,2,v2,no,special_chars_in_name,yes,
P2105(2).c,P2105_v2.c,P2105,c,2,v2,no,special_chars_in_name,yes,
P2147_2.cpp,P2147_v2.cpp,P2147,cpp,2,v2,no,,yes,
P2173_2.cpp,P2173_v2.cpp,P2173,cpp,2,v2,no,,yes,
P2205(2).cpp,P2205_v2.cpp,P2205,cpp,2,v2,no,special_chars_in_name,yes,
P2214(2).c,P2214_v2.c,P2214,c,2,v2,no,special_chars_in_name,yes,
P2245_2.cpp,P2245_v2.cpp,P2245,cpp,2,v2,no,main_version_missing,yes,主版本 P2245.cpp 不存在
P2255(2).c,P2255_v2.c,P2255,c,2,v2,no,main_version_missing,yes,主版本 P2255.c 不存在
P2294(2).cpp,P2294_v2.cpp,P2294,cpp,2,v2,no,special_chars_in_name,yes,
P2322(2).cpp,P2322_v2.cpp,P2322,cpp,2,v2,no,special_chars_in_name,yes,
P2326(2).c,P2326_v2.c,P2326,c,2,v2,no,special_chars_in_name,yes,
P2327(2).c,P2327_v2.c,P2327,c,2,v2,no,special_chars_in_name,yes,
P2345(2).cpp,P2345_v2.cpp,P2345,cpp,2,v2,no,special_chars_in_name,yes,
P2356(2).c,P2356_v2.c,P2356,c,2,v2,no,special_chars_in_name,yes,
P2422(2).cpp,P2422_v2.cpp,P2422,cpp,2,v2,no,special_chars_in_name,yes,
P2424(2).cpp,P2424_v2.cpp,P2424,cpp,2,v2,no,main_version_missing,yes,主版本 P2424.cpp 不存在
P2426(2).c,P2426_v2.c,P2426,c,2,v2,no,special_chars_in_name,yes,
P2463(1).cpp,P2463_v1.cpp,P2463,cpp,1,v1,no,main_version_missing,yes,主版本 P2463.cpp 不存在
P2463(2).cpp,P2463_v2.cpp,P2463,cpp,2,v2,no,main_version_missing,yes,"主版本 P2463.cpp 不存在; 版本号不连续(当前2, 期望3)"
P2464(2).cpp,P2464_v2.cpp,P2464,cpp,2,v2,no,special_chars_in_name,yes,
P2495_2.cpp,P2495_v2.cpp,P2495,cpp,2,v2,no,,yes,
P2515_3.cpp,P2515_v3.cpp,P2515,cpp,3,v3,no,,yes,
P2536(2).cpp,P2536_v2.cpp,P2536,cpp,2,v2,no,special_chars_in_name,yes,
P2536(3).cpp,P2536_v3.cpp,P2536,cpp,3,v3,no,special_chars_in_name,yes,
P2563(2).c,P2563_v2.c,P2563,c,2,v2,no,special_chars_in_name,yes,
P2564(2).cpp,P2564_v2.cpp,P2564,cpp,2,v2,no,special_chars_in_name,yes,
P2585(2).cpp,P2585_v2.cpp,P2585,cpp,2,v2,no,special_chars_in_name,yes,
P2617(2).cpp,P2617_v2.cpp,P2617,cpp,2,v2,no,special_chars_in_name,yes,
P2622(2).cpp,P2622_v2.cpp,P2622,cpp,2,v2,no,special_chars_in_name,yes,
P2633_2.cpp,P2633_v2.cpp,P2633,cpp,2,v2,no,main_version_missing,yes,主版本 P2633.cpp 不存在
P2634_2.cpp,P2634_v2.cpp,P2634,cpp,2,v2,no,,yes,
P2634_4.cpp,P2634_v4.cpp,P2634,cpp,4,v4,no,,yes,"版本号不连续(当前4, 期望3)"
P2663(2).c,P2663_v2.c,P2663,c,2,v2,no,special_chars_in_name,yes,
P2690(2).c,P2690_v2.c,P2690,c,2,v2,no,special_chars_in_name,yes,
P2701(2).c,P2701_v2.c,P2701,c,2,v2,no,special_chars_in_name,yes,
P2722(2).c,P2722_v2.c,P2722,c,2,v2,no,special_chars_in_name,yes,
P2725(2).c,P2725_v2.c,P2725,c,2,v2,no,special_chars_in_name,yes,
P2782(2).c,P2782_v2.c,P2782,c,2,v2,no,special_chars_in_name,yes,
P2786(2).cpp,P2786_v2.cpp,P2786,cpp,2,v2,no,special_chars_in_name,yes,
P2800(2).c,P2800_v2.c,P2800,c,2,v2,no,special_chars_in_name,yes,
P2801_2.cpp,P2801_v2.cpp,P2801,cpp,2,v2,no,,yes,
P2802(2).cpp,P2802_v2.cpp,P2802,cpp,2,v2,no,special_chars_in_name,yes,
P2858(2).c,P2858_v2.c,P2858,c,2,v2,no,special_chars_in_name,yes,
P2860(2).cpp,P2860_v2.cpp,P2860,cpp,2,v2,no,special_chars_in_name,yes,
P2862(2).cpp,P2862_v2.cpp,P2862,cpp,2,v2,no,special_chars_in_name,yes,
P2871(2).c,P2871_v2.c,P2871,c,2,v2,no,special_chars_in_name,yes,
P2880(2).cpp,P2880_v2.cpp,P2880,cpp,2,v2,no,special_chars_in_name,yes,
P2887(2).c,P2887_v2.c,P2887,c,2,v2,no,special_chars_in_name,yes,
P2904(2).c,P2904_v2.c,P2904,c,2,v2,no,special_chars_in_name,yes,
P2922(2).cpp,P2922_v2.cpp,P2922,cpp,2,v2,no,special_chars_in_name,yes,
P2925(2).c,P2925_v2.c,P2925,c,2,v2,no,special_chars_in_name,yes,
P2946(2).c,P2946_v2.c,P2946,c,2,v2,no,special_chars_in_name,yes,
P2951(2).cpp,P2951_v2.cpp,P2951,cpp,2,v2,no,special_chars_in_name,yes,
P2983(2).c,P2983_v2.c,P2983,c,2,v2,no,special_chars_in_name,yes,
P3052(2).cpp,P3052_v2.cpp,P3052,cpp,2,v2,no,main_version_missing,yes,主版本 P3052.cpp 不存在
P3070(2).cpp,P3070_v2.cpp,P3070,cpp,2,v2,no,special_chars_in_name,yes,
P3074(2).cpp,P3074_v2.cpp,P3074,cpp,2,v2,no,special_chars_in_name,yes,
P3090(2).c,P3090_v2.c,P3090,c,2,v2,no,special_chars_in_name,yes,
P3098(2).cpp,P3098_v2.cpp,P3098,cpp,2,v2,no,special_chars_in_name,yes,
P3146(2).c,P3146_v2.c,P3146,c,2,v2,no,special_chars_in_name,yes,
P3157_2.cpp,P3157_v2.cpp,P3157,cpp,2,v2,no,,yes,
P3159(2).cpp,P3159_v2.cpp,P3159,cpp,2,v2,no,special_chars_in_name,yes,
P3177(2).cpp,P3177_v2.cpp,P3177,cpp,2,v2,no,special_chars_in_name,yes,
P3203_2.cpp,P3203_v2.cpp,P3203,cpp,2,v2,no,,yes,
P3203_3.cpp,P3203_v3.cpp,P3203,cpp,3,v3,no,,yes,
P3205(2).c,P3205_v2.c,P3205,c,2,v2,no,special_chars_in_name,yes,
P3241(2).cpp,P3241_v2.cpp,P3241,cpp,2,v2,no,special_chars_in_name,yes,
P3243(2).cpp,P3243_v2.cpp,P3243,cpp,2,v2,no,special_chars_in_name,yes,
P3275(2).cpp,P3275_v2.cpp,P3275,cpp,2,v2,no,special_chars_in_name,yes,
P3275(3).cpp,P3275_v3.cpp,P3275,cpp,3,v3,no,special_chars_in_name,yes,
P3298_2.cpp,P3298_v2.cpp,P3298,cpp,2,v2,no,main_version_missing,yes,主版本 P3298.cpp 不存在
P3369_2.cpp,P3369_v2.cpp,P3369,cpp,2,v2,no,main_version_missing,yes,主版本 P3369.cpp 不存在
P3375_4.cpp,P3375_v4.cpp,P3375,cpp,4,v4,no,,yes,
P3381(2).cpp,P3381_v2.cpp,P3381,cpp,2,v2,no,special_chars_in_name,yes,
P3381_3.cpp,P3381_v3.cpp,P3381,cpp,3,v3,no,,yes,
P3384_2.cpp,P3384_v2.cpp,P3384,cpp,2,v2,no,,yes,
P3386(2).cpp,P3386_v2.cpp,P3386,cpp,2,v2,no,special_chars_in_name,yes,
P3393(2).cpp,P3393_v2.cpp,P3393,cpp,2,v2,no,special_chars_in_name,yes,
P3395(2).cpp,P3395_v2.cpp,P3395,cpp,2,v2,no,special_chars_in_name,yes,
P3396_2.cpp,P3396_v2.cpp,P3396,cpp,2,v2,no,,yes,
P3399(2).c,P3399_v2.c,P3399,c,2,v2,no,special_chars_in_name,yes,
P3452(2).cpp,P3452_v2.cpp,P3452,cpp,2,v2,no,special_chars_in_name,yes,
P3467(2).cpp,P3467_v2.cpp,P3467,cpp,2,v2,no,special_chars_in_name,yes,
P3472_2.cpp,P3472_v2.cpp,P3472,cpp,2,v2,no,,yes,
P3474(2).cpp,P3474_v2.cpp,P3474,cpp,2,v2,no,special_chars_in_name,yes,
P3496(2).cpp,P3496_v2.cpp,P3496,cpp,2,v2,no,special_chars_in_name,yes,
P3509(2).cpp,P3509_v2.cpp,P3509,cpp,2,v2,no,special_chars_in_name,yes,
P3512(2).cpp,P3512_v2.cpp,P3512,cpp,2,v2,no,special_chars_in_name,yes,
P3552_2.cpp,P3552_v2.cpp,P3552,cpp,2,v2,no,,yes,
P3554(2).cpp,P3554_v2.cpp,P3554,cpp,2,v2,no,special_chars_in_name,yes,
P3558(2).c,P3558_v2.c,P3558,c,2,v2,no,special_chars_in_name,yes,
P3603(2).cpp,P3603_v2.cpp,P3603,cpp,2,v2,no,special_chars_in_name,yes,
P3603_2.cpp,P3603_v2.cpp,P3603,cpp,2,v2,no,,yes,"版本号不连续(当前2, 期望3)"
P3605(2).cpp,P3605_v2.cpp,P3605,cpp,2,v2,no,special_chars_in_name,yes,
P3605_2.cpp,P3605_v2.cpp,P3605,cpp,2,v2,no,,yes,"版本号不连续(当前2, 期望3)"
P3613(2).cpp,P3613_v2.cpp,P3613,cpp,2,v2,no,special_chars_in_name,yes,
P3619(2).c,P3619_v2.c,P3619,c,2,v2,no,special_chars_in_name,yes,
P3639_2.cpp,P3639_v2.cpp,P3639,cpp,2,v2,no,,yes,
P3736_1.cpp,P3736_v1.cpp,P3736,cpp,1,v1,no,main_version_missing,yes,主版本 P3736.cpp 不存在
P3736_2.cpp,P3736_v2.cpp,P3736,cpp,2,v2,no,main_version_missing,yes,"主版本 P3736.cpp 不存在; 版本号不连续(当前2, 期望3)"
P3742(2).c,P3742_v2.c,P3742,c,2,v2,no,special_chars_in_name,yes,
P3743(2).c,P3743_v2.c,P3743,c,2,v2,no,special_chars_in_name,yes,
P3795(2).c,P3795_v2.c,P3795,c,2,v2,no,special_chars_in_name,yes,
P3801(2).cpp,P3801_v2.cpp,P3801,cpp,2,v2,no,special_chars_in_name,yes,
P3803(2).cpp,P3803_v2.cpp,P3803,cpp,2,v2,no,special_chars_in_name,yes,
P3803(3).cpp,P3803_v3.cpp,P3803,cpp,3,v3,no,special_chars_in_name,yes,
P3805_3.cpp,P3805_v3.cpp,P3805,cpp,3,v3,no,,yes,
P3809_2.cpp,P3809_v2.cpp,P3809,cpp,2,v2,no,,yes,
P3810_2.cpp,P3810_v2.cpp,P3810,cpp,2,v2,no,,yes,
P3820(2).cpp,P3820_v2.cpp,P3820,cpp,2,v2,no,special_chars_in_name,yes,
P3834_2.cpp,P3834_v2.cpp,P3834,cpp,2,v2,no,main_version_missing,yes,主版本 P3834.cpp 不存在
P3848(2).cpp,P3848_v2.cpp,P3848,cpp,2,v2,no,special_chars_in_name,yes,
P3848(3).cpp,P3848_v3.cpp,P3848,cpp,3,v3,no,special_chars_in_name,yes,
P3865(2).cpp,P3865_v2.cpp,P3865,cpp,2,v2,no,special_chars_in_name,yes,
P3899_2.cpp,P3899_v2.cpp,P3899,cpp,2,v2,no,main_version_missing,yes,主版本 P3899.cpp 不存在
P3902(2).cpp,P3902_v2.cpp,P3902,cpp,2,v2,no,special_chars_in_name,yes,
P3950_2.cpp,P3950_v2.cpp,P3950,cpp,2,v2,no,,yes,
P3950_3.cpp,P3950_v3.cpp,P3950,cpp,3,v3,no,,yes,
P3956(2).cpp,P3956_v2.cpp,P3956,cpp,2,v2,no,special_chars_in_name,yes,
P3958(2).cpp,P3958_v2.cpp,P3958,cpp,2,v2,no,special_chars_in_name,yes,
P3976_2.cpp,P3976_v2.cpp,P3976,cpp,2,v2,no,main_version_missing,yes,主版本 P3976.cpp 不存在
P3983(2).c,P3983_v2.c,P3983,c,2,v2,no,special_chars_in_name,yes,
P3988(2).cpp,P3988_v2.cpp,P3988,cpp,2,v2,no,special_chars_in_name,yes,
P4058(2).c,P4058_v2.c,P4058,c,2,v2,no,special_chars_in_name,yes,
P4074_2.cpp,P4074_v2.cpp,P4074,cpp,2,v2,no,,yes,
P4081(1).cpp,P4081_v1.cpp,P4081,cpp,1,v1,no,main_version_missing,yes,主版本 P4081.cpp 不存在
P4081(2).cpp,P4081_v2.cpp,P4081,cpp,2,v2,no,main_version_missing,yes,"主版本 P4081.cpp 不存在; 版本号不连续(当前2, 期望3)"
P4084(2).cpp,P4084_v2.cpp,P4084,cpp,2,v2,no,special_chars_in_name,yes,
P4093_2.cpp,P4093_v2.cpp,P4093,cpp,2,v2,no,,yes,
P4101(2).c,P4101_v2.c,P4101,c,2,v2,no,special_chars_in_name,yes,
P4137_2.cpp,P4137_v2.cpp,P4137,cpp,2,v2,no,,yes,
P4137_3.cpp,P4137_v3.cpp,P4137,cpp,3,v3,no,,yes,
P4168_2.cpp,P4168_v2.cpp,P4168,cpp,2,v2,no,,yes,
P4170(2).c,P4170_v2.c,P4170,c,2,v2,no,special_chars_in_name,yes,
P4170(3).c,P4170_v3.c,P4170,c,3,v3,no,special_chars_in_name,yes,
P4305(2).cpp,P4305_v2.cpp,P4305,cpp,2,v2,no,special_chars_in_name,yes,
P4323(2).cpp,P4323_v2.cpp,P4323,cpp,2,v2,no,special_chars_in_name,yes,
P4343(2).c,P4343_v2.c,P4343,c,2,v2,no,special_chars_in_name,yes,
P4389(2).c,P4389_v2.c,P4389,c,2,v2,no,special_chars_in_name,yes,
P4390_2.cpp,P4390_v2.cpp,P4390,cpp,2,v2,no,,yes,
P4447(2).c,P4447_v2.c,P4447,c,2,v2,no,special_chars_in_name,yes,
P4450(2).cpp,P4450_v2.cpp,P4450,cpp,2,v2,no,special_chars_in_name,yes,
P4551(2).cpp,P4551_v2.cpp,P4551,cpp,2,v2,no,special_chars_in_name,yes,
P4577_2.cpp,P4577_v2.cpp,P4577,cpp,2,v2,no,,yes,
P4588(2).cpp,P4588_v2.cpp,P4588,cpp,2,v2,no,special_chars_in_name,yes,
P4653(2).cpp,P4653_v2.cpp,P4653,cpp,2,v2,no,special_chars_in_name,yes,
P4802(2).cpp,P4802_v2.cpp,P4802,cpp,2,v2,no,special_chars_in_name,yes,
P4847_2.cpp,P4847_v2.cpp,P4847,cpp,2,v2,no,,yes,
P4949_2.cpp,P4949_v2.cpp,P4949,cpp,2,v2,no,,yes,
P4949_3.cpp,P4949_v3.cpp,P4949,cpp,3,v3,no,,yes,
P4979(2).cpp,P4979_v2.cpp,P4979,cpp,2,v2,no,special_chars_in_name,yes,
P4999(2).c,P4999_v2.c,P4999,c,2,v2,no,main_version_missing,yes,主版本 P4999.c 不存在
P5018(2).cpp,P5018_v2.cpp,P5018,cpp,2,v2,no,special_chars_in_name,yes,
P5072_2.cpp,P5072_v2.cpp,P5072,cpp,2,v2,no,,yes,
P5146(2).c,P5146_v2.c,P5146,c,2,v2,no,special_chars_in_name,yes,
P5200(2).cpp,P5200_v2.cpp,P5200,cpp,2,v2,no,special_chars_in_name,yes,
P5357_3.cpp,P5357_v3.cpp,P5357,cpp,3,v3,no,main_version_missing,yes,主版本 P5357.cpp 不存在
P5384(2).cpp,P5384_v2.cpp,P5384,cpp,2,v2,no,special_chars_in_name,yes,
P5446(2).cpp,P5446_v2.cpp,P5446,cpp,2,v2,no,special_chars_in_name,yes,
P5459(2).cpp,P5459_v2.cpp,P5459,cpp,2,v2,no,special_chars_in_name,yes,
P5501(2).cpp,P5501_v2.cpp,P5501,cpp,2,v2,no,special_chars_in_name,yes,
P5536(2).cpp,P5536_v2.cpp,P5536,cpp,2,v2,no,special_chars_in_name,yes,
P5621_2.cpp,P5621_v2.cpp,P5621,cpp,2,v2,no,,yes,
P5677(2).cpp,P5677_v2.cpp,P5677,cpp,2,v2,no,special_chars_in_name,yes,
P5815(2).c,P5815_v2.c,P5815,c,2,v2,no,special_chars_in_name,yes,
P5836(2).cpp,P5836_v2.cpp,P5836,cpp,2,v2,no,special_chars_in_name,yes,
P5838(2).cpp,P5838_v2.cpp,P5838,cpp,2,v2,no,special_chars_in_name,yes,
P5854_2.cpp,P5854_v2.cpp,P5854,cpp,2,v2,no,main_version_missing,yes,主版本 P5854.cpp 不存在
P5903_2.cpp,P5903_v2.cpp,P5903,cpp,2,v2,no,main_version_missing,yes,主版本 P5903.cpp 不存在
P5911(2).cpp,P5911_v2.cpp,P5911,cpp,2,v2,no,special_chars_in_name,yes,
P6069(2).c,P6069_v2.c,P6069,c,2,v2,no,special_chars_in_name,yes,
P6121(2).cpp,P6121_v2.cpp,P6121,cpp,2,v2,no,special_chars_in_name,yes,
P6189(2).cpp,P6189_v2.cpp,P6189,cpp,2,v2,no,special_chars_in_name,yes,
P6205(2).c,P6205_v2.c,P6205,c,2,v2,no,special_chars_in_name,yes,
P6240(2).c,P6240_v2.c,P6240,c,2,v2,no,special_chars_in_name,yes,
P6275(2).cpp,P6275_v2.cpp,P6275,cpp,2,v2,no,special_chars_in_name,yes,
P6278(2).cpp,P6278_v2.cpp,P6278,cpp,2,v2,no,special_chars_in_name,yes,
P6323(2).c,P6323_v2.c,P6323,c,2,v2,no,special_chars_in_name,yes,
P6329_4.cpp,P6329_v4.cpp,P6329,cpp,4,v4,no,,yes,
P6373(2).cpp,P6373_v2.cpp,P6373,cpp,2,v2,no,special_chars_in_name,yes,
P6374(2).c,P6374_v2.c,P6374,c,2,v2,no,main_version_missing,yes,主版本 P6374.c 不存在
P6473(2).c,P6473_v2.c,P6473,c,2,v2,no,special_chars_in_name,yes,
P6473(3).c,P6473_v3.c,P6473,c,3,v3,no,special_chars_in_name,yes,
P6503(2).cpp,P6503_v2.cpp,P6503,cpp,2,v2,no,special_chars_in_name,yes,
P6567(2).c,P6567_v2.c,P6567,c,2,v2,no,special_chars_in_name,yes,
P6626_2.cpp,P6626_v2.cpp,P6626,cpp,2,v2,no,,yes,
P6626_4.cpp,P6626_v4.cpp,P6626,cpp,4,v4,no,,yes,"版本号不连续(当前4, 期望3)"
P6649(2).c,P6649_v2.c,P6649,c,2,v2,no,special_chars_in_name,yes,
P6743(2).cpp,P6743_v2.cpp,P6743,cpp,2,v2,no,special_chars_in_name,yes,
P6786(2).c,P6786_v2.c,P6786,c,2,v2,no,special_chars_in_name,yes,
P6786(2).cpp,P6786_v2.cpp,P6786,cpp,2,v2,no,special_chars_in_name,yes,
P6793(2).cpp,P6793_v2.cpp,P6793,cpp,2,v2,no,special_chars_in_name,yes,
P6812(2).cpp,P6812_v2.cpp,P6812,cpp,2,v2,no,special_chars_in_name,yes,
P6824(2).cpp,P6824_v2.cpp,P6824,cpp,2,v2,no,special_chars_in_name,yes,
P6824(3).cpp,P6824_v3.cpp,P6824,cpp,3,v3,no,special_chars_in_name,yes,
P6824(4).cpp,P6824_v4.cpp,P6824,cpp,4,v4,no,special_chars_in_name,yes,
P7095(2).cpp,P7095_v2.cpp,P7095,cpp,2,v2,no,main_version_missing,yes,主版本 P7095.cpp 不存在
P7103(2).cpp,P7103_v2.cpp,P7103,cpp,2,v2,no,special_chars_in_name,yes,
P7215_2.cpp,P7215_v2.cpp,P7215,cpp,2,v2,no,,yes,
P7228(2).cpp,P7228_v2.cpp,P7228,cpp,2,v2,no,special_chars_in_name,yes,
P7228(3).cpp,P7228_v3.cpp,P7228,cpp,3,v3,no,special_chars_in_name,yes,
P7305(2).c,P7305_v2.c,P7305,c,2,v2,no,special_chars_in_name,yes,
P7381(2).c,P7381_v2.c,P7381,c,2,v2,no,special_chars_in_name,yes,
P7399(2).cpp,P7399_v2.cpp,P7399,cpp,2,v2,no,main_version_missing,yes,主版本 P7399.cpp 不存在
P7404(2).cpp,P7404_v2.cpp,P7404,cpp,2,v2,no,special_chars_in_name,yes,
P7409(2).cpp,P7409_v2.cpp,P7409,cpp,2,v2,no,special_chars_in_name,yes,
P7588(2).c,P7588_v2.c,P7588,c,2,v2,no,special_chars_in_name,yes,
P7774(2).c,P7774_v2.c,P7774,c,2,v2,no,special_chars_in_name,yes,
P7793(2).c,P7793_v2.c,P7793,c,2,v2,no,special_chars_in_name,yes,
P7821(2).c,P7821_v2.c,P7821,c,2,v2,no,special_chars_in_name,yes,
P7859(2).c,P7859_v2.c,P7859,c,2,v2,no,special_chars_in_name,yes,
P7865(2).cpp,P7865_v2.cpp,P7865,cpp,2,v2,no,special_chars_in_name,yes,
P7866(2).c,P7866_v2.c,P7866,c,2,v2,no,special_chars_in_name,yes,
P8048(2).cpp,P8048_v2.cpp,P8048,cpp,2,v2,no,special_chars_in_name,yes,
P8078_2.cpp,P8078_v2.cpp,P8078,cpp,2,v2,no,main_version_missing,yes,主版本 P8078.cpp 不存在
P8161(2).c,P8161_v2.c,P8161,c,2,v2,no,special_chars_in_name,yes,
P8306(2).cpp,P8306_v2.cpp,P8306,cpp,2,v2,no,special_chars_in_name,yes,
P8311(2).c,P8311_v2.c,P8311,c,2,v2,no,special_chars_in_name,yes,
P8312(2).cpp,P8312_v2.cpp,P8312,cpp,2,v2,no,special_chars_in_name,yes,
P8360_2.cpp,P8360_v2.cpp,P8360,cpp,2,v2,no,,yes,
P8360_3.cpp,P8360_v3.cpp,P8360,cpp,3,v3,no,,yes,
P8435_3.cpp,P8435_v3.cpp,P8435,cpp,3,v3,no,main_version_missing,yes,主版本 P8435.cpp 不存在
P8488(2).cpp,P8488_v2.cpp,P8488,cpp,2,v2,no,special_chars_in_name,yes,
P8646(2).c,P8646_v2.c,P8646,c,2,v2,no,special_chars_in_name,yes,
P8677(2).cpp,P8677_v2.cpp,P8677,cpp,2,v2,no,special_chars_in_name,yes,
P8687(2).c,P8687_v2.c,P8687,c,2,v2,no,special_chars_in_name,yes,
P8688(2).cpp,P8688_v2.cpp,P8688,cpp,2,v2,no,special_chars_in_name,yes,
P8693(2).cpp,P8693_v2.cpp,P8693,cpp,2,v2,no,special_chars_in_name,yes,
P8699(2).c,P8699_v2.c,P8699,c,2,v2,no,special_chars_in_name,yes,
P8733(2).cpp,P8733_v2.cpp,P8733,cpp,2,v2,no,special_chars_in_name,yes,
P8764(2).c,P8764_v2.c,P8764,c,2,v2,no,special_chars_in_name,yes,
P8779(2).cpp,P8779_v2.cpp,P8779,cpp,2,v2,no,special_chars_in_name,yes,
P8779_2.cpp,P8779_v2.cpp,P8779,cpp,2,v2,no,,yes,"版本号不连续(当前2, 期望3)"
P8784(2).c,P8784_v2.c,P8784,c,2,v2,no,special_chars_in_name,yes,
P8786(2).c,P8786_v2.c,P8786,c,2,v2,no,special_chars_in_name,yes,
P8801(2).c,P8801_v2.c,P8801,c,2,v2,no,special_chars_in_name,yes,
P8856(2).cpp,P8856_v2.cpp,P8856,cpp,2,v2,no,special_chars_in_name,yes,
P8893(2).cpp,P8893_v2.cpp,P8893,cpp,2,v2,no,special_chars_in_name,yes,
P9048(2).c,P9048_v2.c,P9048,c,2,v2,no,special_chars_in_name,yes,
P9107(2).cpp,P9107_v2.cpp,P9107,cpp,2,v2,no,special_chars_in_name,yes,
P9143(2).c,P9143_v2.c,P9143,c,2,v2,no,special_chars_in_name,yes,
P9147(2).c,P9147_v2.c,P9147,c,2,v2,no,special_chars_in_name,yes,
P9173(2).c,P9173_v2.c,P9173,c,2,v2,no,special_chars_in_name,yes,
P9173(3).c,P9173_v3.c,P9173,c,3,v3,no,special_chars_in_name,yes,
P9176(2).cpp,P9176_v2.cpp,P9176,cpp,2,v2,no,special_chars_in_name,yes,
P9460(2).c,P9460_v2.c,P9460,c,2,v2,no,special_chars_in_name,yes,
P9497(2).c,P9497_v2.c,P9497,c,2,v2,no,special_chars_in_name,yes,
P9519(2).c,P9519_v2.c,P9519,c,2,v2,no,special_chars_in_name,yes,
P9539(2).c,P9539_v2.c,P9539,c,2,v2,no,special_chars_in_name,yes,
P9579(2).cpp,P9579_v2.cpp,P9579,cpp,2,v2,no,special_chars_in_name,yes,
P9587(2).c,P9587_v2.c,P9587,c,2,v2,no,special_chars_in_name,yes,
P9641(2).cpp,P9641_v2.cpp,P9641,cpp,2,v2,no,special_chars_in_name,yes,
P9644(2).c,P9644_v2.c,P9644,c,2,v2,no,special_chars_in_name,yes,
P9649(2).c,P9649_v2.c,P9649,c,2,v2,no,main_version_missing,yes,主版本 P9649.c 不存在
P9889(2).c,P9889_v2.c,P9889,c,2,v2,no,special_chars_in_name,yes,
P9975(2).c,P9975_v2.c,P9975,c,2,v2,no,special_chars_in_name,yes,
P10098(2).c,P10098_v2.c,P10098,c,2,v2,no,special_chars_in_name,yes,
P10108(2).c,P10108_v2.c,P10108,c,2,v2,no,special_chars_in_name,yes,
P10234(2).cpp,P10234_v2.cpp,P10234,cpp,2,v2,no,special_chars_in_name,yes,
P10234(3).cpp,P10234_v3.cpp,P10234,cpp,3,v3,no,special_chars_in_name,yes,
P10235(2).cpp,P10235_v2.cpp,P10235,cpp,2,v2,no,special_chars_in_name,yes,
P10241(2).cpp,P10241_v2.cpp,P10241,cpp,2,v2,no,special_chars_in_name,yes,
P10287(2).cpp,P10287_v2.cpp,P10287,cpp,2,v2,no,special_chars_in_name,yes,
P10334(2).cpp,P10334_v2.cpp,P10334,cpp,2,v2,no,main_version_missing,yes,主版本 P10334.cpp 不存在
P10376(2).c,P10376_v2.c,P10376,c,2,v2,no,special_chars_in_name,yes,
P10381(2).cpp,P10381_v2.cpp,P10381,cpp,2,v2,no,special_chars_in_name,yes,
P10391(2).cpp,P10391_v2.cpp,P10391,cpp,2,v2,no,special_chars_in_name,yes,
P10417(2).c,P10417_v2.c,P10417,c,2,v2,no,special_chars_in_name,yes,
P10419(2).cpp,P10419_v2.cpp,P10419,cpp,2,v2,no,special_chars_in_name,yes,
P10460(2).c,P10460_v2.c,P10460,c,2,v2,no,special_chars_in_name,yes,
P10463(2).cpp,P10463_v2.cpp,P10463,cpp,2,v2,no,special_chars_in_name,yes,
P10463(3).cpp,P10463_v3.cpp,P10463,cpp,3,v3,no,special_chars_in_name,yes,
P10490(2).cpp,P10490_v2.cpp,P10490,cpp,2,v2,no,special_chars_in_name,yes,
P10505(2).c,P10505_v2.c,P10505,c,2,v2,no,special_chars_in_name,yes,
P10535(2).cpp,P10535_v2.cpp,P10535,cpp,2,v2,no,special_chars_in_name,yes,
P10633(2).cpp,P10633_v2.cpp,P10633,cpp,2,v2,no,special_chars_in_name,yes,
P10634_3.cpp,P10634_v3.cpp,P10634,cpp,3,v3,no,,yes,
P10634_4.cpp,P10634_v4.cpp,P10634,cpp,4,v4,no,,yes,"版本号不连续(当前4, 期望3)"
P10686(2).cpp,P10686_v2.cpp,P10686,cpp,2,v2,no,special_chars_in_name,yes,
P10719(2).cpp,P10719_v2.cpp,P10719,cpp,2,v2,no,special_chars_in_name,yes,
P10721(2).c,P10721_v2.c,P10721,c,2,v2,no,special_chars_in_name,yes,
P10723(2).cpp,P10723_v2.cpp,P10723,cpp,2,v2,no,special_chars_in_name,yes,
P10759(2).cpp,P10759_v2.cpp,P10759,cpp,2,v2,no,special_chars_in_name,yes,
P10944_2.cpp,P10944_v2.cpp,P10944,cpp,2,v2,no,,yes,
P11197(2).cpp,P11197_v2.cpp,P11197,cpp,2,v2,no,special_chars_in_name,yes,
P12685(2).cpp,P12685_v2.cpp,P12685,cpp,2,v2,no,special_chars_in_name,yes,
P12685(3).cpp,P12685_v3.cpp,P12685,cpp,3,v3,no,special_chars_in_name,yes,
P12845(2).cpp,P12845_v2.cpp,P12845,cpp,2,v2,no,special_chars_in_name,yes,
P14420_2.cpp,P14420_v2.cpp,P14420,cpp,2,v2,no,main_version_missing,yes,主版本 P14420.cpp 不存在
P15005_2.cpp,P15005_v2.cpp,P15005,cpp,2,v2,no,,yes,
SP3267_2.cpp,SP3267_v2.cpp,SP3267,cpp,2,v2,no,main_version_missing,yes,主版本 SP3267.cpp 不存在
SP8791_2.cpp,SP8791_v2.cpp,SP8791,cpp,2,v2,no,,yes,
SP10707_2.cpp,SP10707_v2.cpp,SP10707,cpp,2,v2,no,,yes,
SP11470_2.cpp,SP11470_v2.cpp,SP11470,cpp,2,v2,no,main_version_missing,yes,主版本 SP11470.cpp 不存在
SP18185_2.cpp,SP18185_v2.cpp,SP18185,cpp,2,v2,no,,yes,
U41492_2.cpp,U41492_v2.cpp,U41492,cpp,2,v2,no,main_version_missing,yes,主版本 U41492.cpp 不存在
